﻿{
  "version": 2,
  "buildCommand": "npm run build",
  "outputDirectory": "out",
  "routes": [
    { "src": "/_next/static/(.*)", "dest": "/_next/static/$1" },
    { "src": "/images/(.*)", "dest": "/images/$1" },
    { "src": "/api/(.*)", "dest": "/api/$1" },
    { "src": "/favicon.ico", "dest": "/favicon.ico" },
    { "src": "/debug.html", "dest": "/debug.html" },
    { "src": "/test.html", "dest": "/test.html" },
    { "src": "/404.html", "dest": "/404.html" },
    { "src": "/(.+)\\.(.+)", "dest": "/$1.$2" },
    { "handle": "filesystem" },
    { "src": "/(.*)", "dest": "/index.html" }
  ],
  "env": {
    "VERCEL": "1"
  }
}
